{
    "train_loss": [
        0.5302718281745911,
        0.7463704943656921,
        0.2820701599121094,
        0.5637742877006531,
        0.3204360902309418,
        0.19557607173919678,
        0.39129698276519775,
        0.10785391181707382,
        0.16826653480529785,
        0.24504543840885162,
        0.17884880304336548,
        0.33696600794792175,
        0.07267070561647415,
        0.08908367156982422,
        0.1323966681957245,
        0.09869370609521866,
        0.21516762673854828,
        0.07901474088430405,
        0.11172317713499069,
        0.20748209953308105,
        0.5757456421852112,
        0.15032519400119781,
        0.15826527774333954,
        0.35106050968170166,
        0.1845475435256958,
        0.46392086148262024,
        0.0585518442094326
    ],
    "val_aupr": [
        0.8522218465805054,
        0.8862992525100708,
        0.9054142236709595,
        0.9147927761077881,
        0.9208011031150818,
        0.9247342348098755,
        0.9268205165863037,
        0.9271089434623718,
        0.9270046949386597,
        0.9275627136230469,
        0.9268311262130737,
        0.9290151596069336,
        0.9306926131248474,
        0.9322595596313477,
        0.9328894019126892,
        0.9323725700378418,
        0.9329419732093811,
        0.9328098297119141,
        0.9325057864189148,
        0.9328075647354126,
        0.9307783842086792,
        0.9327581524848938,
        0.9321941137313843,
        0.9309808015823364,
        0.9308525323867798,
        0.929965078830719,
        0.9317604303359985
    ],
    "val_auroc": [
        0.8230331540107727,
        0.8635636568069458,
        0.8851557374000549,
        0.896652102470398,
        0.9036967754364014,
        0.9086723923683167,
        0.9111371040344238,
        0.9115711450576782,
        0.9115668535232544,
        0.9121708273887634,
        0.911658525466919,
        0.9140030145645142,
        0.9166760444641113,
        0.9180927872657776,
        0.9186315536499023,
        0.9180355668067932,
        0.9184837937355042,
        0.9184281826019287,
        0.9182339906692505,
        0.9184960722923279,
        0.9160815477371216,
        0.9186865091323853,
        0.9171990156173706,
        0.9155617356300354,
        0.9154489040374756,
        0.9140721559524536,
        0.9162246584892273
    ],
    "epochs": [
        1,
        2,
        3,
        4,
        5,
        6,
        7,
        8,
        9,
        10,
        11,
        12,
        13,
        14,
        15,
        16,
        17,
        18,
        19,
        20,
        21,
        22,
        23,
        24,
        25,
        26,
        27
    ],
    "test_results": {
        "test/aupr": 0.9371038675308228,
        "test/auroc": 0.9251085519790649,
        "epoch": 27.0,
        "test/eval_time": 29.8325138092041,
        "Charts/wall_clock_time": 2018.7328975200653
    }
}