{
    "train_loss": [
        0.3821556866168976,
        0.5119982361793518,
        0.22836089134216309,
        0.13182860612869263,
        0.2988012135028839,
        0.3012348711490631,
        0.1138598695397377,
        0.13857699930667877,
        0.13148832321166992,
        0.12720102071762085,
        0.22054104506969452,
        0.08833322674036026,
        0.2087743729352951,
        0.2790326774120331,
        0.12127570062875748,
        0.02490019053220749,
        0.08715514093637466,
        0.07059060037136078
    ],
    "val_aupr": [
        0.8862444162368774,
        0.9165844917297363,
        0.9238078594207764,
        0.9279345870018005,
        0.9311648011207581,
        0.9291422963142395,
        0.9297212958335876,
        0.9314712285995483,
        0.9305276870727539,
        0.9305808544158936,
        0.9294797778129578,
        0.925038754940033,
        0.9301308989524841,
        0.9256319403648376,
        0.9270145893096924,
        0.9271048903465271,
        0.9272031784057617,
        0.9271368980407715
    ],
    "val_auroc": [
        0.8658694624900818,
        0.9010952115058899,
        0.9102931618690491,
        0.9155591130256653,
        0.9181675314903259,
        0.9162299036979675,
        0.9159146547317505,
        0.9180204272270203,
        0.9168392419815063,
        0.9170824885368347,
        0.9152897596359253,
        0.9117491245269775,
        0.915971040725708,
        0.9107556343078613,
        0.9131603240966797,
        0.9124492406845093,
        0.9123370051383972,
        0.9122604131698608
    ],
    "epochs": [
        1,
        2,
        3,
        4,
        5,
        6,
        7,
        8,
        9,
        10,
        11,
        12,
        13,
        14,
        15,
        16,
        17,
        18
    ],
    "test_results": {
        "test/aupr": 0.933009147644043,
        "test/auroc": 0.921993613243103,
        "epoch": 18.0,
        "test/eval_time": 68.42880892753601,
        "Charts/wall_clock_time": 2762.3543558120728
    }
}